Sekunden,Swod,Electronic,
"Walk Into River","Mychael Danna",Soundtrack,
"33 Fainting Spells","Orla Wren",Electronic,
"I Have Dreamed","Lena Horne[Galvanize",,
Obsession-Compulsion,Sadist[Zigeunerweisen,,
"September Song","Tony Bennett[Adios Nonino",,
"Otello: Ave Maria","Renata Tebaldi",Classical,
"September Song","Tony Bennett",Jazz,
"Sooprize Package","Mean Things",Alternative,
Gitanoss,Ararat,"New Age",
"Otello': Ave Maria","Renata Tebaldi",Classical,
"The Highest Point of Living","City of Ashes",Rock,
"Let's Get Together","Little Trouble Kids",Rock,
Love,"Gerard Kenny",Pop,
"Christmas Dreaming","Dennis Day",Vocal,
"Concerto no. 1 in E Major` Op. 8` RV 269` 'La primavera': II. largo",Tarahumara,Singer/Songwriter,
"A Feather Is Re-Glued to the Flight",Ginormous,Electronic,
"Theme From Schindler's List","Stadtmusikkapelle Landeck[gfd035",,
"Collector of Remains","Brighter Death Now",Rock,
"Crazy World (from 'Victor/Victoria')","Henry Mancini",Soundtrack,
"Over the Sea to Sky","Eric Rigler",Holiday,
Nacht,"Dimitar Dodovski[Handwriting (Part II)",,
"Telegram` Pts. 1-3 (Live)]",Nazareth,,
Crown],"Chimera Sound Healing","New Age",
Revenge],"Alleycat Scratch ",Rock,
Reverie],"Dustin Gledhill ","Christian & Gospel",
Jim],"Douglas Heart ",Alternative,
Lemonade],"Moonlight Bride ",Alternative,
"Gas Can","Trance Farmers",Alternative,
Friendship],"Madrefoka  ",Jazz,
"Swahili Blonde Days]","Swahili Blonde",Alternative,
"Ma m??re l'oye: V. Petit Poucet]","l'oye: V. Petit",,
"Morbius' Study]","Louis and Bebe Barron",Soundtrack,
"Earl Grey]","Kaffeemusik ","Easy Listening",
"Six Studies in English Folk Song: I. Adagio (Lovely on the water)]","Royal Ballet Sinfonia",Classical,
"A Fancy of Folksongs: III. The Crystal Spring]","Canterbury Chamber Choir",Classical,
Aria],"Mop Mop ",,
"Evening Forest Crickets]","Green Powered","New Age",
Belief],"Don Robertson ",,
"Earth - Relationship` Marriage And Partnership]",Technomind,"New Age",
Din],"Tod Dockstader ",Electronic,
"Good Night (Porzellan Remix)]",Pleq,Dance,
Awakening],"Neil H ",Podcasts,
"Kay's Theme]","David Julyan",Soundtrack,
"Closing The Black Box]",Wilt,"Hip Hop/Rap",
"Moonlight Becomes You]","Billy May","Short Films",
"Scattered` They Fly Across the Sill]",Lattice,,
"Violin Concerto No. 3 in B minor Op. 61: II. Andantino quasi allegretto]","Maxim Vengerov",Classical,
Toraja]," ",,
"Tip of My Fingers (Live)]"," ",,
"Secret Agent]","Red Dons",Alternative,
"He Bought My Soul at Calvary]","Jo Stafford",Pop,
Clisto]," ",,
"the Right Defense]",Ambisonic,Alternative,
"Big Wide World]","Teddy Randazzo",Pop,
"Falling in Love Again (feat. Michael Lutzeier)]","Lee Shaw Trio",Jazz,
"Red House]",,,
Time]," ",,
"Caught in the Wake]","Hope & Social",Alternative,
Run]," ",,
"Unkaany Valley]","Birds of Avalon",Alternative,
"Cast Out]","Cross Stitched Eyes",Alternative,
Lies],"Cause for Alarm",Alternative,
"??ltima Volta]","Ecos Falsos",Rock,
Maybe],A.D.D.,"Fantasy, Futuristic & Ghost",
Soldatslakt]," ",,
Will]," ",,
"Pseudo Existence","Pseudo Existors",Alternative,
"What Comes Around Goes Around (Live)]","Catch 22",Alternative,
Ocular]," ",,
Maul]," ",,
Shoot]," ",,
"People of Your Kind]","Beat Mark","Biography & Memoir",
"I Go Vertigo]",Minus,Rock,
Cold],"Sudden Death",Rock,
"From Dust and Gravity]",Monsterworks,Rock,
"From up Here]","One Event Worship Team","Christian & Gospel",
"Spiders Functions]",Pigsty,Rock,
"A Bitter Pill]",JDA,,
"Illusional Dementia]","Fractal Gates",Rock,
"Woman Beater (Unreleased Bonus Tracks)]","The Unseen",,
"SEVENTH HEAVEN]",POLYSICS,Rock,
"Eaten by Rats]",Blohole,Alternative,
"Through the Unhindered Break of Day]","Set and Setting",Podcasts,
Scoundrel]," ",,
"Jesu` Joy of Man's Desiring]",Tribe,"Performing Arts",
"El Rey de la Revolucion (En Vivo)]","Three Souls in My Mind","Alternativo & Rock Latino",
"Faber - Emptiness]",Faber,"Fiction & Literature",
"Big Fuss]",Antennas,,
Fever],Delacroix,Dance,
"Free Society]","Overdrive ",,
"Paper Doll","The Dead Exs",Blues,
Mevlana,"Mustafa Kand_`ral_`",World,
"Dag En Nacht","De Selvera's",World,
Summer,Gomorrha,Pop,
"Staie cca","Franco Moreno",Pop,
"Gaelic Waltzes",Skipinnish,World,
"Y Ferch Yn Y Swyddfa",Datblygu,Alternative,
"Amor Ti Vieta (from 'Feodora')","Mario del Monaco",Classical,
"Be My Shade","Jeans Wilder",Alternative,
"Stormy Late Fall",Campfires,,
"Inklabete H' Sine / El Manantial De Tus Ojos","Salim Fergani",World,
"Hold My Trophy (feat. Kyle Gass)","Trey Green",Rock,
"Las Torres De Mi Sevilla","El Pali",Raices,
"All Your Promises","Georgian Banov","Christian & Gospel",
"Shannon Maclaughlin","Kyle Van Band",Rock,
"Prenez mes fleurettes",Mistinguett,"French Pop",
"Yade Rebene",Rojda,World,
Majesty,"Leonard Jones",,
"Mother of Christ (remix&remaster)","Alice Donut",Alternative,
"A coups de batte","Les Sheriff",Rock,
"This Curse",Coldcast,Electronic,
B??ztat??,"H??tk??znaPI CSal??d?_sok",,
"Thanksgiving (Live Track)","Poi Dog Pondering",Rock,
"Higher Than Life","Mike Lang","Biography & Memoir",
"Joining The Past","Obtained Enslavement",Rock,
"Violet's Turning Violet","Carving Out Fiction",Rock,
Barnburner,"The Chair",Alternative,
"God You Are Good","Sophia Jenkins",Pop,
"Sorry Song","The Gamits",Rock,
"Lightening Strikes (Live)","The Seers",Rock,
"Hispanic Panic",Koresh,"Hip Hop/Rap",
"Still Remains","2 Ton Predator",Alternative,
"Open Your Mind",Sunray,,
"Don't Wait","Greg Pope",Pop,
"Travelin' Light","Rollin' in the Hay",Country,
"La lune ~odoriko~",Madoka,,
"Man Overboard",Plankton,,
"Come On W Man","No Remorse","Heavy Metal",
"Lock Us Away","Naked Aggression",Alternative,
"Big Cheese","Adam Holzman",Classical,
"Won't You",Plasmatics,Rock,
"News of the world","October powder",Alternative,
"Running With Scissors","Call To Mind",Alternative,
"A Lovely Way to Spend an Evening","Little Anthony & The Imperials",R&B/Soul,
"Letting Go","Eric Durrance",Country,
"I'll Give My Heart","Integrity Music","Christian & Gospel",
"Broken Hopes` Brokes Lives",Embers,Electronic,
"Big World","Happy Diving",Alternative,
"The Fear",Excelsis,,
"Interstellar Overdrive",Spiha,Rock,
Intro,Offpist,,
Palim,"Wind Und Farben",Rock,
Collectibles,"Hold Tight",Electronic,
"At Times Like These","From The Tracks",Alternative,
"Before I Drown",Endsight,Rock,
"TAKING IT BACK (ALIVE)","Phone Joan",Rock,
"J.A.S.P (Joven Aunque Sin Pelo)",Mordor,Dance,
"The Plunderer","Naer Mataron",Rock,
"The Plunderer","Naer Mataron",Rock,
"A Whole Wide World Ahead","Disco Inferno",Alternative,
"To Minore Tis Avgis",Anastasia,Pop,
"The Ethereal Dream","Tomorrow's Outlook",Rock,
"Farewell the Ultimatum",PMtoday,Rock,
"Apart (Don't Dream Me Bad)",ardentjohn,Alternative,
"Alla Bara Skriker",Grace.Will.Fall,Alternative,
Zompires,"All the Saints",Pop,
"Telling All The World (Live)",Flickerstick,Rock,
"Geladene Gewehre",Kreisky,Drama,
Protest,"Electro Hippies",Rock,
Genesis,"Memory Garden",Rock,
Rapture,Zangryus,Rock,
"What I Was",Bailiff,,
"Buscando Mirando",Leize,,
"Glory Girl (Boy George & Kinky Roland's The Free Man In Paris Mix)","Amanda Ghost",Pop,
"Heavy Snake",Peelander-Z,Alternative,
"Intestinal skirmish",10lec6,Alternative,
"Gaelic Waltzes",Skipinnish,World,
Generations,Slowburn,Rock,
"The Long Road",Domenica,Rock,
"Ruined / Wasted","We Were Skeletons",Rock,
U.S.A.,"Hymnen Orchestra","Spoken Word",
"Libra Sonatine: III. Fuoco","Magdalena Kaltcheva",Classical,
"Hark` The Herald Angels Sing","The Lennon Sisters",Holiday,
"Between a Donkey and a Rolls Royce","Graham Collier",Classics,
"Rogar (remastered)","Los Cinco Latinos",Latin,
"Rogativas a Nuestra Se?`ora del Milagro","Joaqu??n D??az",,
"Colours (Blackout)",indigolab,,
"Tribute To Brian Jones","Karl Schmieder",Blues,
"Cuando Ya No Me Quieras","Antonio Prieto","Baladas y Boleros",
"The Music of Home","Anthony Perkins",Pop,
"Scott Walker's Fault","The Minus 5",Rock,
"Beautiful Diamond",DBrass,"Christian & Gospel",
Harmonik,"David Coulter",,
"I'm Trying Love Again","Sir Joe",,
Villancete,"Nicanor Zabaleta",Classical,
"Nature Baby","Tammy Townsend",R&B/Soul,
"In My Room","OC Times",Vocal,
"Tears Will Never Stain the Streets of That City","The Rambos","Fiction & Literature",
"Stay Here With Me","Dick Smart",Jazz,
Sinistre,Fugu,Alternative,
"I Never Go There Anymore","Rita Moss",Holiday,
"Stabat Mater IXXI","Sasha & Shawna",Vocal,
"Der e ingi dag'e",Lumsk,Rock,
"When I Hold Her Near","Jack Stillwater",Country,
"Le Shavore",Mitsoura,Languages,
"Hamkhooneh (with Hayedeh)",Vigen,,
Bryllupsmarsj,"Knut Nystedt","Christian & Gospel",
"The Tsunami Trail","Rhonda Rosalee","New Age",
"What's New","Jackie Gleason",Pop,
"Aquila altera (Codex Faenza)","Ensemble Project Ars Nova",Classical,
"Solemn Vespers for the Feast of a Confessor` K. 339: II. Confitebor","Ama Deus Ensemble",Classical,
"My Prayer","Jimmy Dorsey",Jazz,
"Except For Me","Broken Rules",,
"My wife",Shadowplay,Alternative,
"Sans violence","Toi et Moi",Pop,
Menino,"Trio Con Brio",Classical,
"Offering (Epiphany)","Marian Grace",,
"The Witness","Chocolate Tannoy",Electronic,
"midnight violence rocknroll","Guitar Wolf",Rock,
"Five Grown Men (Holding Hands and Staring at the Ocean) "," Palehorse ","Heavy Metal",
"Ride On Preacher "," Smokin' Hogs ",Blues,
"Prologue "," Tara Kemp ",R&B/Soul,
"Merrizine "," God Among Men ",Rock,
"James Lighter "," Wounded Knee ",Alternative,
"La Vida Es un Loop "," Burrito Panza ",Pop,
"Horizontime "," Codec ",,
"Fury "," Dam ",,
"The Return of David Dun "," Star Industry",Electronic,
"Jesu Dod (Burzum) "," Kroda ",Rock,
"II ",Aborym,Rock,
"Maiden "," Bahamut ",Electronic,
"King Lindorm "," Guapo ",,
"Space Invaders "," Frontier ",Fiction,
"Woeful Cries "," B-Zet ",Pop,
"Tales of Sorcery "," Anal Vomit ",Rock," "
"Impious Genocide "," Verminous ",Rock,
"Name Me No One "," Black Cross ",Alternative,
"Home Invasion "," Fire in the Head ",Alternative,
"On A Drive "," Religious Knives ",Alternative,
"Alpha Omega (Live In Fort Lauderdale` Florida) "," Holy",Country,
"Ocularis Infernum - Tragedies to Come "," Blodsrit ","Heavy Metal",
"Transmission of Healing or Information from an Enlightened Spirit "," Sandra Ingerman ","Spoken Word",
"On The Burial Ground "," Opprobrium",Rock,
"Ohm "," Markus Mehr ",Electronic,
"Death to Metal "," The Senseless ",Alternative,
"Nostalgia Echo "," Heiden ","Health & Fitness",
"Avalon "," Headline ",,
"Pure Drone 1 "," Sheila Chandra ",World,
"Tune Up "," Archipelago ",Pop,
"Paid Your Price "," Sunken Seas ",Alternative,
"Majestic West "," Bill Brovold",Rock,
"Carcasses ",Abraham,"United States",
"Libation ","Funerary Call",Electronic,
"Stalinorgel ","EASTERN FRONT","Heavy Metal",
"The Seeker ","Simon Boswell",Soundtrack,
"Infinity Sentinel ","Wesley Matsell",Dance,
"III ",Aborym,Rock,
"Batman Unmasked/Darkseid Homeworld ","Kevin Kliesch",Soundtrack,
"Vaginamaria ",Isvind,Rock,
Gwildophobe,Gwil,Pop,
"Quiet!: Sutle Pretext Chiming In ","Das Oath",Rock,
"Sea Of Shattered Hope ",Shadowchaser,Soundtrack,
"Town curve ","NE Trethowan",Electronic,
"Like At First Sight ","Earl Klugh",Jazz,
"Relaxamento (Musicas de Fundo para Spa e Bem-estar) ",Relaxamento,Relaxation,
"In The Shadows ","Music For Meditation & Relaxation","New Age",
"Invocation  ",,,
"Hidden Track ",Danzig,Rock,
"Melange ","Ron Marvin",Pop,
"Your Hell Begins ",Howl,,
"Like Lemonade` But Better ",1518,Rock,
"Live Forever ",Kromosom,Rock,
"Thighs ","Kirin J Callinan",Alternative,
"Supposed to Stay Hidden ","Josh Aker",Soundtrack,
"Touch Back Down - Live At The Spitz ","Catherine Feeny",Singer/Songwriter,
"Le naprej ","Dan D",Pop,
"A Sysyphus Drama ",Carnality,"Heavy Metal",
"Harvesting the Blood ",Avulsed,Rock,
"Lies On Display ",Heist,Dance,
"Dor-Lohmyn ",Minhyriath,"Heavy Metal",
"Dawn Of Hope No Choir ","Gothic Storm",Soundtrack,
"Blood On Blood - Intro ","Cem K??ksal",,
"Maiden ",Bahamut,Mystery,
"TIGER ","MO'SOME TONEBENDER",Rock,
"To God Be the Glory (Tribute) ",Vinesong,"Christian & Gospel",
"All Nights Rest ","Trevor Giuliani",Pop,
"Together With The Sunbeams `\",Bolot,Drama,
"The Ballad of Century Paul ","Songs of Green Pheasant",Alternative,
"Transition ",Assem,Electronic,
"Trondheim II: IV ","Henry Cow",Alternative,
"`Eg Heyrdi Allt An Pess Ao Hlusta` ","J??hann J??hannsson",,
"Memoirs: V. In Memoriam ","Ciompi Quartet",Classical,
"Hinikoita ",Akasau,,
Hushaby,"Max Q",Vocal,
"Hornpipes & Reels: Beverley's Choice` Niall From Glenroe` Wellesley Express` Katrina Baker` Bee Street Fiddlers ","Bruce Gandy",World,
"Nzambi La Muini","Cut Hands",Electronic,
"Pr??lude ?` l'apr??s-midi d'un faune` L. 86 ","Claude Debussy",Classical,
"Requiem  ",,,
"in memoriam Josquin Desprez ?` 6 voix: II. Kyrie ","Huelgas Ensemble",Classical,
"Track 2 ",Sundrips,,
"Bedding the Queen ","Thomas Wander",Soundtrack,
"Crepusculum ","Emile van Krieken",Soundtrack,
"Calming Anxiety ","Ingrid Hennze","Christian & Gospel",
"Landmannalaugar (Part 1) ","Jens Lueck",Soundtrack,
"Symphony No. 1 in C-Minor` Op. 68: II. Andante sostenuto ","William Steinberg",Classical,
"Final Playback/ End Titles ","James Horner",Soundtrack,
"Looking For Simon ","John Barry","Spoken Word",
"The Painful Truth ","As Hope Dies",Rock,
"Grounded ","Nathan Johnson",Soundtrack,
